{
	"name": "EU-27, Cambridge Compromise",
	"algorithm": {
		"name": "bmm_pow",
		"method": "divstd",
		"base": "5",
		"min": "1",
		"max": "91"
	},
	"output": {
		"orientation": "ver",
		"divisorformat": "quotients",
		"tieformat": "coded",
		"namelabel": "Member State",
		"votelabel": "Pop. Eurostat 2010"
	},
	"seats": "751",
	"parties": [
		{
			"name": "Germany",
			"votes": "81802257"
		},
		{
			"name": "France",
			"votes": "64714074"
		},
		{
			"name": "United Kingdom",
			"votes": "62008048"
		},
		{
			"name": "Italy",
			"votes": "60340328"
		},
		{
			"name": "Spain",
			"votes": "45989016"
		},
		{
			"name": "Poland",
			"votes": "38167329"
		},
		{
			"name": "Romania",
			"votes": "21462186"
		},
		{
			"name": "Nethderlands",
			"votes": "16574989"
		},
		{
			"name": "Greece",
			"votes": "11305118"
		},
		{
			"name": "Belgium",
			"votes": "10839905"
		},
		{
			"name": "Portugal",
			"votes": "10637713"
		},
		{
			"name": "Czech Republic",
			"votes": "10506813"
		},
		{
			"name": "Hungary",
			"votes": "10014324"
		},
		{
			"name": "Sweden",
			"votes": "9340682"
		},
		{
			"name": "Austria",
			"votes": "8375290"
		},
		{
			"name": "Bulgaria",
			"votes": "7563710"
		},
		{
			"name": "Denmark",
			"votes": "5534738"
		},
		{
			"name": "Slovakia",
			"votes": "5424925"
		},
		{
			"name": "Finland",
			"votes": "5351427"
		},
		{
			"name": "Ireland",
			"votes": "4467854"
		},
		{
			"name": "Lithuania",
			"votes": "3329039"
		},
		{
			"name": "Latvia",
			"votes": "2248374"
		},
		{
			"name": "Slovenia",
			"votes": "2046976"
		},
		{
			"name": "Estonia",
			"votes": "1340127"
		},
		{
			"name": "Cyprus",
			"votes": "803147"
		},
		{
			"name": "Luxembourg",
			"votes": "502066"
		},
		{
			"name": "Malta",
			"votes": "412970"
		}
	]
}
