{
	"name": "Testeingaben für Biproportionale Zuteilungen",
	"algorithm": {
		"name": "as",
		"method": "divstd"
	},
	"output": {
		"orientation": "verhor",
		"divisorformat": "quotient",
		"tieformat": "coded"
	},
	"districts": [
		{
			"name": "I",
			"seats": "7",
			"parties": [
				{
					"name": "A",
					"votes": "123",
					"min": "0",
					"max": "oo",
					"dir": "0"
				},
				{
					"name": "B",
					"votes": "912",
					"min": "0",
					"max": "oo",
					"dir": "0"
				},
				{
					"name": "C",
					"votes": "312",
					"min": "0",
					"max": "oo",
					"dir": "0"
				}
			]
		},
		{
			"name": "II",
			"seats": "5",
			"parties": [
				{
					"name": "A",
					"votes": "45",
					"min": "0",
					"max": "oo",
					"dir": "0"
				},
				{
					"name": "B",
					"votes": "714",
					"min": "0",
					"max": "oo",
					"dir": "0"
				},
				{
					"name": "C",
					"votes": "255",
					"min": "0",
					"max": "oo",
					"dir": "0"
				}
			]
		},
		{
			"name": "III",
			"seats": "8",
			"parties": [
				{
					"name": "A",
					"votes": "815",
					"min": "0",
					"max": "oo",
					"dir": "0"
				},
				{
					"name": "B",
					"votes": "414",
					"min": "0",
					"max": "oo",
					"dir": "0"
				},
				{
					"name": "C",
					"votes": "215",
					"min": "0",
					"max": "oo",
					"dir": "0"
				}
			]
		}
	]
}
