{
	"name": "Testeingaben für einfache Zuteilungen",
	"algorithm": {
		"name": "list",
		"base": "1",
		"min": "2",
		"max": "10"
	},
	"output": {
		"orientation": "ver",
		"divisorformat": "quotients",
		"tieformat": "coded"
	},
	"seats": "10",
	"parties": [
		{
			"name": "A",
			"votes": "1",
			"min": "2",
			"max": "oo",
			"dir": "5"
		},
		{
			"name": "B",
			"votes": "2",
			"min": "0",
			"max": "oo",
			"dir": "0"
		},
		{
			"name": "C",
			"votes": "2",
			"min": "0",
			"max": "oo",
			"dir": "0"
		}
	]
}
